CREATE DATABASE  IF NOT EXISTS `team-c` /*!40100 DEFAULT CHARACTER SET utf8mb4 */;
USE `team-c`;
-- MySQL dump 10.13  Distrib 5.7.17, for Win64 (x86_64)
--
-- Host: localhost    Database: team-c
-- ------------------------------------------------------
-- Server version	5.6.34-log

/*!40101 SET @OLD_CHARACTER_SET_CLIENT=@@CHARACTER_SET_CLIENT */;
/*!40101 SET @OLD_CHARACTER_SET_RESULTS=@@CHARACTER_SET_RESULTS */;
/*!40101 SET @OLD_COLLATION_CONNECTION=@@COLLATION_CONNECTION */;
/*!40101 SET NAMES utf8 */;
/*!40103 SET @OLD_TIME_ZONE=@@TIME_ZONE */;
/*!40103 SET TIME_ZONE='+00:00' */;
/*!40014 SET @OLD_UNIQUE_CHECKS=@@UNIQUE_CHECKS, UNIQUE_CHECKS=0 */;
/*!40014 SET @OLD_FOREIGN_KEY_CHECKS=@@FOREIGN_KEY_CHECKS, FOREIGN_KEY_CHECKS=0 */;
/*!40101 SET @OLD_SQL_MODE=@@SQL_MODE, SQL_MODE='NO_AUTO_VALUE_ON_ZERO' */;
/*!40111 SET @OLD_SQL_NOTES=@@SQL_NOTES, SQL_NOTES=0 */;

--
-- Table structure for table `items`
--

DROP TABLE IF EXISTS `items`;
/*!40101 SET @saved_cs_client     = @@character_set_client */;
/*!40101 SET character_set_client = utf8 */;
CREATE TABLE `items` (
  `itemId` int(11) NOT NULL AUTO_INCREMENT,
  `name` varchar(1000) NOT NULL,
  `themeId` int(11) NOT NULL,
  `created` timestamp NOT NULL ON UPDATE CURRENT_TIMESTAMP,
  PRIMARY KEY (`itemId`)
) ENGINE=InnoDB AUTO_INCREMENT=137 DEFAULT CHARSET=utf8mb4;
/*!40101 SET character_set_client = @saved_cs_client */;

--
-- Dumping data for table `items`
--

LOCK TABLES `items` WRITE;
/*!40000 ALTER TABLE `items` DISABLE KEYS */;
INSERT INTO `items` VALUES (1,'生茶',1,'2018-09-11 08:41:17'),(2,'おーいお茶',1,'2018-09-11 08:42:21'),(3,'おかか',2,'2018-09-11 08:43:04'),(4,'綾鷹',1,'0000-00-00 00:00:00'),(5,'リポビタンD',3,'2018-09-12 07:11:27'),(6,'MONSTER',3,'2018-09-12 07:11:27'),(7,'RedBull',3,'2018-09-12 07:11:27'),(8,'iPhone',4,'2018-09-12 07:11:27'),(9,'Android',4,'2018-09-12 07:11:27'),(10,'ガラケー',4,'2018-09-12 07:11:27'),(11,'公衆電話',4,'2018-09-12 07:11:27'),(12,'カバディー',5,'2018-09-12 07:21:05'),(13,'フットサル',5,'2018-09-12 07:21:05'),(14,'セパタクロ',5,'2018-09-12 07:21:05'),(15,'キンボール',5,'2018-09-12 07:21:05'),(17,'セレス',6,'2018-09-11 21:50:19'),(18,'アメリカ',6,'2018-09-11 21:50:19'),(19,'メキシコ',6,'2018-09-11 21:50:19'),(20,'中国',6,'2018-09-11 21:50:19'),(22,'椅子の座り心地',7,'2018-09-11 22:03:31'),(23,'カシミア',7,'2018-09-11 22:03:31'),(24,'ゲーミングチェア',7,'2018-09-11 22:03:31'),(25,'鉄',7,'2018-09-11 22:03:31'),(26,'椅子の座り心地',8,'2018-09-11 22:03:40'),(27,'カシミア',8,'2018-09-11 22:03:40'),(28,'ゲーミングチェア',8,'2018-09-11 22:03:40'),(29,'鉄',8,'2018-09-11 22:03:40'),(30,'エディタ戦争を起こそう',9,'2018-09-11 22:06:30'),(31,'vim',9,'2018-09-11 22:06:30'),(32,'emacs',9,'2018-09-11 22:06:30'),(33,'neovim',9,'2018-09-11 22:06:30'),(34,'鮭',2,'2018-09-11 22:06:30'),(35,'うめ',2,'2018-09-11 22:06:30'),(36,'キーボード',10,'2018-09-11 22:15:38'),(37,'キーボード',10,'2018-09-11 22:15:38'),(38,'キーボード',10,'2018-09-11 22:15:38'),(39,'キーボード',10,'2018-09-11 22:15:38'),(40,'車の登場からはや数十年。そろそろ１番を決めたくはなりませんか？',11,'2018-09-11 22:18:51'),(41,'自転車',11,'2018-09-11 22:18:51'),(42,'三輪車',11,'2018-09-11 22:18:51'),(43,'手漕ぎ車',11,'2018-09-11 22:18:51'),(44,'セレス',13,'2018-09-11 22:25:18'),(45,'机',13,'2018-09-11 22:25:18'),(46,'感',13,'2018-09-11 22:25:18'),(47,'MacBook',14,'2018-09-11 22:32:51'),(48,'thinkpad',14,'2018-09-11 22:32:51'),(49,'note',14,'2018-09-11 22:32:51'),(50,'クルトガ',15,'2018-09-11 22:34:48'),(51,'鉛筆',15,'2018-09-11 22:34:48'),(52,'シャーペン',15,'2018-09-11 22:34:48'),(53,'windowsXP',16,'2018-09-11 22:39:09'),(54,'mac',16,'2018-09-11 22:39:09'),(55,'linux',16,'2018-09-11 22:39:09'),(56,'あずきバー',17,'2018-09-11 22:39:28'),(57,'黒金堅パン',17,'2018-09-11 22:39:28'),(58,'うまい棒',17,'2018-09-11 22:39:28'),(59,'WindowsXP',18,'2018-09-11 22:42:07'),(60,'Windows10',18,'2018-09-11 22:42:07'),(61,'FreeBSB',18,'2018-09-11 22:42:07'),(62,'fgaghg',19,'2018-09-11 22:42:27'),(63,'fdsfds4',19,'2018-09-11 22:42:27'),(64,'er324',19,'2018-09-11 22:42:27'),(65,'Opera',20,'2018-09-11 23:02:09'),(66,'IE',20,'2018-09-11 23:02:09'),(67,'百度',20,'2018-09-11 23:02:09'),(68,'vim',21,'2018-09-11 23:14:07'),(69,'emacs',21,'2018-09-11 23:14:07'),(70,'neovim',21,'2018-09-11 23:14:07'),(71,'vim',22,'2018-09-11 23:17:15'),(72,'emacs',22,'2018-09-11 23:17:15'),(73,'neovim',22,'2018-09-11 23:17:15'),(74,'vim',23,'2018-09-11 23:19:12'),(75,'emacs',23,'2018-09-11 23:19:12'),(76,'neovim',23,'2018-09-11 23:19:12'),(77,'たまんねぇな',24,'2018-09-11 23:19:45'),(78,'すまんな',24,'2018-09-11 23:19:45'),(79,'たかまる',24,'2018-09-11 23:19:45'),(80,'vim',25,'2018-09-11 23:22:51'),(81,'emacs',25,'2018-09-11 23:22:51'),(82,'neovim',25,'2018-09-11 23:22:51'),(83,'vim',26,'2018-09-11 23:23:54'),(84,'emacs',26,'2018-09-11 23:23:54'),(85,'neovim',26,'2018-09-11 23:23:54'),(86,'vim',27,'2018-09-11 23:25:56'),(87,'emacs',27,'2018-09-11 23:25:56'),(88,'neovim',27,'2018-09-11 23:25:56'),(89,'vim',28,'2018-09-11 23:27:01'),(90,'emacs',28,'2018-09-11 23:27:01'),(91,'neovim',28,'2018-09-11 23:27:01'),(92,'vim',29,'2018-09-11 23:28:01'),(93,'emacs',29,'2018-09-11 23:28:01'),(94,'neovim',29,'2018-09-11 23:28:01'),(95,'vim',30,'2018-09-11 23:28:37'),(96,'emacs',30,'2018-09-11 23:28:37'),(97,'neovim',30,'2018-09-11 23:28:37'),(98,'vim',31,'2018-09-11 23:32:40'),(99,'emacs',31,'2018-09-11 23:32:40'),(100,'neovim',31,'2018-09-11 23:32:40'),(101,'vim',32,'2018-09-11 23:33:34'),(102,'eamcs',32,'2018-09-11 23:33:34'),(103,'neovim',32,'2018-09-11 23:33:34'),(104,'雨',33,'2018-09-11 23:56:59'),(105,'霧雨',33,'2018-09-11 23:56:59'),(106,'大雨',33,'2018-09-11 23:56:59'),(107,'タブ',34,'2018-09-12 00:07:20'),(108,'スペース',34,'2018-09-12 00:07:20'),(109,'インデントしない',34,'2018-09-12 00:07:20'),(110,'タブ',35,'2018-09-12 00:26:23'),(111,'スペース',35,'2018-09-12 00:26:23'),(112,'インデントしない',35,'2018-09-12 00:26:23'),(113,'あいまいみー',36,'2018-09-12 00:31:00'),(114,'ポプテピピック',36,'2018-09-12 00:31:00'),(115,'弱酸性ミリオンアーサー',36,'2018-09-12 00:31:00'),(116,'あ',37,'2018-09-12 00:37:34'),(117,'あ',37,'2018-09-12 00:37:34'),(118,'あ',37,'2018-09-12 00:37:34'),(119,'php',38,'2018-09-12 00:38:13'),(120,'go',38,'2018-09-12 00:38:13'),(121,'java',38,'2018-09-12 00:38:13'),(122,'アイカツ',39,'2018-09-12 00:38:59'),(123,'プリパラ',39,'2018-09-12 00:38:59'),(124,'プリキュア',39,'2018-09-12 00:38:59'),(125,'Aチーム',40,'2018-09-12 00:40:37'),(126,'Bチーム',40,'2018-09-12 00:40:37'),(127,'Cチーム',40,'2018-09-12 00:40:37'),(128,'工藤',41,'2018-09-12 00:42:05'),(129,'中尾',41,'2018-09-12 00:42:05'),(130,'安藤',41,'2018-09-12 00:42:05'),(131,'vim',42,'2018-09-12 00:42:59'),(132,'vim',42,'2018-09-12 00:42:59'),(133,'vim',42,'2018-09-12 00:42:59'),(134,'アサヒ',43,'2018-09-12 00:43:58'),(135,'キリン',43,'2018-09-12 00:43:58'),(136,'エビス',43,'2018-09-12 00:43:58');
/*!40000 ALTER TABLE `items` ENABLE KEYS */;
UNLOCK TABLES;

--
-- Table structure for table `theme`
--

DROP TABLE IF EXISTS `theme`;
/*!40101 SET @saved_cs_client     = @@character_set_client */;
/*!40101 SET character_set_client = utf8 */;
CREATE TABLE `theme` (
  `id` int(11) NOT NULL AUTO_INCREMENT,
  `title` varchar(256) NOT NULL,
  `detail` text NOT NULL,
  `imgPath` text NOT NULL,
  `start` timestamp NOT NULL ON UPDATE CURRENT_TIMESTAMP,
  `finish` timestamp NOT NULL ON UPDATE CURRENT_TIMESTAMP,
  `created` timestamp NOT NULL ON UPDATE CURRENT_TIMESTAMP,
  PRIMARY KEY (`id`)
) ENGINE=InnoDB AUTO_INCREMENT=44 DEFAULT CHARSET=utf8mb4;
/*!40101 SET character_set_client = @saved_cs_client */;

--
-- Dumping data for table `theme`
--

LOCK TABLES `theme` WRITE;
/*!40000 ALTER TABLE `theme` DISABLE KEYS */;
INSERT INTO `theme` VALUES (1,'お茶No1!決定戦','日本ではいろんな種類のお茶が販売されています。どのお茶が一番美味しいか決めたいと思います！','https://tguchi.s3.amazonaws.com/uploads/topic/image/3024/retina_pixta_3957747_S.jpg','2018-09-12 07:15:08','2018-09-12 07:15:08','2018-09-12 07:15:08'),(2,'みんな大好き！おにぎりの具決定戦！','鮭、うめ、昆布、いろいろなバリエーションがあるおにぎりの具ですが、どの具が一番人気になるでしょうか！','http://kerokero-info.com/wp-content/uploads/2016/06/onigiri.jpg','2018-09-12 07:17:35','2018-09-12 07:17:35','2018-09-12 07:17:35'),(3,'エナジードリンク帝王！','昨今様々なエナジードリンクが提供されていますが、皆さんが一番効く！！！たまんねえなあと思う一本を選びましょう！','http://livedoor.blogimg.jp/jin115/imgs/6/f/6fdb189c-s.jpg','2018-09-12 07:15:08','2018-09-12 07:15:08','2018-09-12 07:15:08'),(4,'携帯電話決定戦','使いやすい携帯はどれ？！年齢によって様々な意見があると思うので予測してみましょう！','http://www.lifecreate-kc.com/images/%E6%90%BA%E5%B8%AF%E9%9B%BB%E8%A9%B1_au.jpg','2018-09-12 07:15:08','2018-09-12 07:15:08','2018-09-12 07:15:08'),(5,'最強に面白いスポーツ','週末にやりたい野外スポーツはなんだ！スポーツの秋、カラダを動かそう！','https://www.gamehuntblog.com/wp-content/uploads/2016/11/20161126115519.jpg','2018-09-12 07:15:08','2018-09-12 07:15:08','2018-09-12 07:15:08'),(6,'住みたい国No1','日本は地震、台風、もううんざり！こうなったら国外に逃亡しちゃおう！','https://encrypted-tbn0.gstatic.com/images?q=tbn:ANd9GcRulChgbz9Y9BULINCfOG9dzIbfb-gR3vIdD3Mmm4-TURsciVKL','2018-09-12 07:15:08','2018-09-12 07:15:08','2018-09-12 07:15:08'),(24,'謝る時の言葉','謝る時の言葉','http://diarynote.jp/data/blogs/l/20090817/85838_200908172222321498_1.jpg','2018-09-12 08:21:24','2018-09-12 08:21:24','2018-09-12 08:21:24'),(32,'使いやすいエディタを決めよう','エディタはエンジニアにとって大切なものです。ぜひvimを使いましょう!','/assets/img/vim.png','2018-09-11 23:33:34','2018-09-11 23:43:34','2018-09-11 23:33:34'),(33,'好きな天気を決めよう！','みなさんはどの日がお好き？','/assets/img/blue-sunny-sky_sizeXS.jpg','2018-09-11 23:56:59','2018-09-12 00:06:59','2018-09-11 23:56:59'),(35,'インデント戦争　タブVSスペース','プログラムを書く上でインデントになにを使うかを決めよう','/assets/img/tab.jpg','2018-09-12 00:26:23','2018-09-12 00:36:23','2018-09-12 00:26:23'),(36,'頭を溶かすアニメを決めよう','アニメをみる人は多いと思いますが頭を溶かせるアニメを決めよう','/assets/img/boeeeee.png','2018-09-12 00:31:00','2018-09-12 00:41:00','2018-09-12 00:31:00'),(37,'秋川雅史','あ','','2018-09-12 00:37:34','2018-09-12 00:47:34','2018-09-12 00:37:34'),(38,'みんなの好きなプログラミング言語は？','喧嘩せずに','','2018-09-12 00:38:13','2018-09-12 00:48:13','2018-09-12 00:38:13'),(39,'女児アニメ','きめて','','2018-09-12 00:38:59','2018-09-12 00:48:59','2018-09-12 00:38:59'),(40,'今夜の一番よかったチームは？？？','表題の通り','/assets/img/ceres.png','2018-09-12 00:40:37','2018-09-12 00:50:37','2018-09-12 00:40:37'),(41,'もっとも高まっているのは？','もっとも高まっているのは？','/assets/img/.png','2018-09-12 00:42:05','2018-09-12 00:52:05','2018-09-12 00:42:05'),(42,'好きなエディタは','エディタ戦争に幕を閉じようではないか','/assets/img/vim.png','2018-09-12 00:42:59','2018-09-12 00:52:59','2018-09-12 00:42:59'),(43,'ビール','美味しいのは','/assets/img/asdfsf.jpg','2018-09-12 00:43:58','2018-09-12 00:53:58','2018-09-12 00:43:58');
/*!40000 ALTER TABLE `theme` ENABLE KEYS */;
UNLOCK TABLES;

--
-- Table structure for table `user`
--

DROP TABLE IF EXISTS `user`;
/*!40101 SET @saved_cs_client     = @@character_set_client */;
/*!40101 SET character_set_client = utf8 */;
CREATE TABLE `user` (
  `id` int(11) NOT NULL AUTO_INCREMENT,
  `email` varchar(512) DEFAULT NULL,
  `password` varchar(45) DEFAULT NULL,
  `name` varchar(128) DEFAULT NULL,
  `zipcode` varchar(45) DEFAULT NULL,
  `address` varchar(1024) DEFAULT NULL,
  `tel` varchar(45) DEFAULT NULL,
  `point` int(11) DEFAULT NULL,
  PRIMARY KEY (`id`)
) ENGINE=InnoDB AUTO_INCREMENT=17 DEFAULT CHARSET=utf8mb4;
/*!40101 SET character_set_client = @saved_cs_client */;

--
-- Dumping data for table `user`
--

LOCK TABLES `user` WRITE;
/*!40000 ALTER TABLE `user` DISABLE KEYS */;
INSERT INTO `user` VALUES (2,'kamisho0528.message@gmail.com','kamisho','かみしょー','1234-567','大当郎','08069617548',100000),(3,'y-fukumoto@ceres-inc.jp','123456','福本　洋介','1100011','用賀4-10-1','0312345678',97600),(4,'teamc@gmail','teamc','toru','999-999','東京','000000000-0',99200),(5,'ryoma.aikido@gmail.com','ryouma813','Sara','590-0532','a','080-6132-6092',100000),(6,'aaa@aaa.com','aaa','aaa','2-5','a','0-0-0',100000),(7,'zzz@example.com','1234','zzz','111-1111','ニュージーランド','0120-117-117',99600),(8,'aaa@aaa.aa','asaaa','saaa','555-9999','ttttt','090-000-0000',100000),(9,'aaa@aaa','aaa','tas','111-1111','ururu','222-2222-2222',100000),(11,'a@a','aaa','aaa','000-0000','aaa','0-0-0',93600),(12,'test@test.test','a','a','a','a','a',100),(13,'k-sasaki@ceres-inc.jp','ceres','ささき','100-0001','一ツ橋','09099998888',0),(14,'hoge@hoge','a','あ','１２３４５６','a','１２３４５６７８　',300),(15,'n-akimoto@ceres-inc.jp','123456','aki','1100000','北海道札幌市中央区-1-1-1','00-0000-0000',0),(16,'ore_ga_katsu@gmail.com','ore_ga_katsu','ore_ga_katsu','123123123','123123123','123123123',500);
/*!40000 ALTER TABLE `user` ENABLE KEYS */;
UNLOCK TABLES;

--
-- Table structure for table `vote`
--

DROP TABLE IF EXISTS `vote`;
/*!40101 SET @saved_cs_client     = @@character_set_client */;
/*!40101 SET character_set_client = utf8 */;
CREATE TABLE `vote` (
  `itemId` int(11) NOT NULL,
  `userId` int(11) NOT NULL,
  `point` int(11) DEFAULT NULL,
  `created` timestamp NOT NULL ON UPDATE CURRENT_TIMESTAMP
) ENGINE=InnoDB DEFAULT CHARSET=utf8mb4;
/*!40101 SET character_set_client = @saved_cs_client */;

--
-- Dumping data for table `vote`
--

LOCK TABLES `vote` WRITE;
/*!40000 ALTER TABLE `vote` DISABLE KEYS */;
INSERT INTO `vote` VALUES (1,2,10,'2018-09-12 02:39:30'),(1,7,100,'0000-00-00 00:00:00'),(2,3,20,'2018-09-12 02:39:30'),(3,7,100,'0000-00-00 00:00:00'),(2,7,100,'0000-00-00 00:00:00'),(4,7,100,'0000-00-00 00:00:00'),(1,7,100,'0000-00-00 00:00:00'),(4,3,300,'0000-00-00 00:00:00'),(4,7,100,'0000-00-00 00:00:00'),(0,3,300,'0000-00-00 00:00:00'),(6,3,100,'0000-00-00 00:00:00'),(1,3,100,'0000-00-00 00:00:00'),(3,3,300,'0000-00-00 00:00:00'),(0,3,300,'0000-00-00 00:00:00'),(0,3,100,'0000-00-00 00:00:00'),(0,3,100,'0000-00-00 00:00:00'),(0,3,100,'0000-00-00 00:00:00'),(5,3,100,'0000-00-00 00:00:00'),(3,3,300,'0000-00-00 00:00:00'),(5,11,300,'0000-00-00 00:00:00'),(5,3,200,'0000-00-00 00:00:00'),(6,3,100,'0000-00-00 00:00:00'),(1,7,100,'0000-00-00 00:00:00'),(105,11,300,'0000-00-00 00:00:00'),(101,11,300,'0000-00-00 00:00:00'),(77,11,300,'0000-00-00 00:00:00'),(17,11,300,'0000-00-00 00:00:00'),(15,11,300,'0000-00-00 00:00:00'),(8,11,100,'0000-00-00 00:00:00'),(104,11,100,'0000-00-00 00:00:00'),(105,11,100,'0000-00-00 00:00:00'),(106,11,100,'0000-00-00 00:00:00'),(105,11,300,'0000-00-00 00:00:00'),(107,4,300,'0000-00-00 00:00:00'),(107,4,100,'0000-00-00 00:00:00'),(110,4,300,'0000-00-00 00:00:00'),(110,4,100,'0000-00-00 00:00:00'),(112,12,100,'0000-00-00 00:00:00'),(103,12,100,'0000-00-00 00:00:00'),(34,13,200,'0000-00-00 00:00:00'),(113,15,300,'0000-00-00 00:00:00'),(116,14,100,'0000-00-00 00:00:00'),(118,15,100,'0000-00-00 00:00:00'),(19,11,100,'0000-00-00 00:00:00'),(121,13,300,'0000-00-00 00:00:00'),(11,11,300,'0000-00-00 00:00:00'),(8,11,300,'0000-00-00 00:00:00'),(17,12,100,'0000-00-00 00:00:00'),(6,11,200,'0000-00-00 00:00:00'),(34,14,100,'0000-00-00 00:00:00'),(8,11,200,'0000-00-00 00:00:00'),(6,11,300,'0000-00-00 00:00:00'),(120,11,200,'0000-00-00 00:00:00'),(110,11,300,'0000-00-00 00:00:00'),(112,11,300,'0000-00-00 00:00:00'),(125,11,100,'0000-00-00 00:00:00'),(126,11,100,'0000-00-00 00:00:00'),(127,11,100,'0000-00-00 00:00:00'),(125,11,300,'0000-00-00 00:00:00'),(125,11,300,'0000-00-00 00:00:00'),(77,11,300,'0000-00-00 00:00:00'),(105,11,100,'0000-00-00 00:00:00'),(129,15,100,'0000-00-00 00:00:00'),(120,11,300,'0000-00-00 00:00:00'),(12,11,100,'0000-00-00 00:00:00'),(119,12,100,'0000-00-00 00:00:00');
/*!40000 ALTER TABLE `vote` ENABLE KEYS */;
UNLOCK TABLES;
/*!40103 SET TIME_ZONE=@OLD_TIME_ZONE */;

/*!40101 SET SQL_MODE=@OLD_SQL_MODE */;
/*!40014 SET FOREIGN_KEY_CHECKS=@OLD_FOREIGN_KEY_CHECKS */;
/*!40014 SET UNIQUE_CHECKS=@OLD_UNIQUE_CHECKS */;
/*!40101 SET CHARACTER_SET_CLIENT=@OLD_CHARACTER_SET_CLIENT */;
/*!40101 SET CHARACTER_SET_RESULTS=@OLD_CHARACTER_SET_RESULTS */;
/*!40101 SET COLLATION_CONNECTION=@OLD_COLLATION_CONNECTION */;
/*!40111 SET SQL_NOTES=@OLD_SQL_NOTES */;

-- Dump completed on 2018-09-12 21:43:44
